feature,importance
atr_pct,0.2506716230391897
ATRr_14,0.15975181976896893
volume_norm,0.15434975577798518
EMA_200,0.1525654562528999
RSI_14,0.07820880325330608
MACDh_12_26_9,0.07768831359848777
close_pct_change,0.06532716784886877
STOCHk_14_3_3,0.06143706046029369
