feature,importance
atr_pct,0.22274775327567325
volume_norm,0.17808758312590953
EMA_200,0.13124894303645543
ATRr_14,0.11498656864308393
price_to_ema200_pct,0.10524215556773613
MACDh_12_26_9,0.053386128311225745
RSI_14,0.05336446056215799
close_pct_change,0.04140688752139247
STOCHk_14_3_3,0.03708902891147013
rsi_zscore,0.026999437899118885
volume_momentum,0.022112953656604633
ema_21_50_cross,0.01332809948917203
bollinger_pct_b,0.0
